<ImportExportXml version="6.1.0000.0581" SolutionPackageVersion="6.1" languagecode="1033" generatedBy="OnPremise" xmlns:xsi="http://www.w3.org/2001/XMLSchema-instance">
  <SolutionManifest>
    <UniqueName>TestComponents</UniqueName>
    <LocalizedNames>
      <LocalizedName description="Test Components" languagecode="1033" />
    </LocalizedNames>
    <Descriptions />
    <Version>2.0.0.0</Version>
    <Managed>0</Managed>
    <Publisher>
      <UniqueName>josephmcgregor</UniqueName>
      <LocalizedNames>
        <LocalizedName description="Joseph McGregor" languagecode="1033" />
      </LocalizedNames>
      <Descriptions />
      <EMailAddress xsi:nil="true"></EMailAddress>
      <SupportingWebsiteUrl xsi:nil="true"></SupportingWebsiteUrl>
      <CustomizationPrefix>jmcg</CustomizationPrefix>
      <CustomizationOptionValuePrefix>32841</CustomizationOptionValuePrefix>
      <Addresses>
        <Address>
          <AddressNumber>1</AddressNumber>
          <AddressTypeCode>1</AddressTypeCode>
          <City xsi:nil="true"></City>
          <County xsi:nil="true"></County>
          <Country xsi:nil="true"></Country>
          <Fax xsi:nil="true"></Fax>
          <FreightTermsCode xsi:nil="true"></FreightTermsCode>
          <ImportSequenceNumber xsi:nil="true"></ImportSequenceNumber>
          <Latitude xsi:nil="true"></Latitude>
          <Line1 xsi:nil="true"></Line1>
          <Line2 xsi:nil="true"></Line2>
          <Line3 xsi:nil="true"></Line3>
          <Longitude xsi:nil="true"></Longitude>
          <Name xsi:nil="true"></Name>
          <PostalCode xsi:nil="true"></PostalCode>
          <PostOfficeBox xsi:nil="true"></PostOfficeBox>
          <PrimaryContactName xsi:nil="true"></PrimaryContactName>
          <ShippingMethodCode>1</ShippingMethodCode>
          <StateOrProvince xsi:nil="true"></StateOrProvince>
          <Telephone1 xsi:nil="true"></Telephone1>
          <Telephone2 xsi:nil="true"></Telephone2>
          <Telephone3 xsi:nil="true"></Telephone3>
          <TimeZoneRuleVersionNumber xsi:nil="true"></TimeZoneRuleVersionNumber>
          <UPSZone xsi:nil="true"></UPSZone>
          <UTCOffset xsi:nil="true"></UTCOffset>
          <UTCConversionTimeZoneCode xsi:nil="true"></UTCConversionTimeZoneCode>
        </Address>
        <Address>
          <AddressNumber>2</AddressNumber>
          <AddressTypeCode>1</AddressTypeCode>
          <City xsi:nil="true"></City>
          <County xsi:nil="true"></County>
          <Country xsi:nil="true"></Country>
          <Fax xsi:nil="true"></Fax>
          <FreightTermsCode xsi:nil="true"></FreightTermsCode>
          <ImportSequenceNumber xsi:nil="true"></ImportSequenceNumber>
          <Latitude xsi:nil="true"></Latitude>
          <Line1 xsi:nil="true"></Line1>
          <Line2 xsi:nil="true"></Line2>
          <Line3 xsi:nil="true"></Line3>
          <Longitude xsi:nil="true"></Longitude>
          <Name xsi:nil="true"></Name>
          <PostalCode xsi:nil="true"></PostalCode>
          <PostOfficeBox xsi:nil="true"></PostOfficeBox>
          <PrimaryContactName xsi:nil="true"></PrimaryContactName>
          <ShippingMethodCode>1</ShippingMethodCode>
          <StateOrProvince xsi:nil="true"></StateOrProvince>
          <Telephone1 xsi:nil="true"></Telephone1>
          <Telephone2 xsi:nil="true"></Telephone2>
          <Telephone3 xsi:nil="true"></Telephone3>
          <TimeZoneRuleVersionNumber xsi:nil="true"></TimeZoneRuleVersionNumber>
          <UPSZone xsi:nil="true"></UPSZone>
          <UTCOffset xsi:nil="true"></UTCOffset>
          <UTCConversionTimeZoneCode xsi:nil="true"></UTCConversionTimeZoneCode>
        </Address>
      </Addresses>
    </Publisher>
    <RootComponents>
      <RootComponent type="1" schemaName="account" />
      <RootComponent type="1" schemaName="jmcg_wstestsettings" />
      <RootComponent type="29" id="{3f5b723f-92c7-42a5-ab2c-bdbddfdc853b}" />
      <RootComponent type="29" id="{4a0ab9d5-51f5-4645-9e7b-25af4a6cc1cc}" />
      <RootComponent type="29" id="{562dc373-99ab-4204-96e2-1946f6c685df}" />
      <RootComponent type="29" id="{f42d9f3e-81c6-4201-8904-fef6e535fa07}" />
    </RootComponents>
    <MissingDependencies>
      <MissingDependency>
        <Required key="0" type="1" schemaName="jmcg_workflowtask" displayName="Workflow Task" solution="Active" />
        <Dependent key="1" type="29" displayName="Test Account Target Failure" id="{3f5b723f-92c7-42a5-ab2c-bdbddfdc853b}" />
      </MissingDependency>
      <MissingDependency>
        <Required key="0" type="1" schemaName="jmcg_workflowtask" displayName="Workflow Task" solution="Active" />
        <Dependent key="2" type="29" displayName="Test Workflow Task Target" id="{4a0ab9d5-51f5-4645-9e7b-25af4a6cc1cc}" />
      </MissingDependency>
      <MissingDependency>
        <Required key="3" type="2" schemaName="jmcg_periodperrunamount" displayName="Period Per Run Amount" parentSchemaName="jmcg_workflowtask" parentDisplayName="Workflow Task" solution="Active" />
        <Dependent key="1" type="29" displayName="Test Account Target Failure" id="{3f5b723f-92c7-42a5-ab2c-bdbddfdc853b}" />
      </MissingDependency>
      <MissingDependency>
        <Required key="4" type="2" schemaName="jmcg_sendnotificationforschedulefailures" displayName="Send Notification For Schedule Failures" parentSchemaName="jmcg_workflowtask" parentDisplayName="Workflow Task" solution="Active" />
        <Dependent key="1" type="29" displayName="Test Account Target Failure" id="{3f5b723f-92c7-42a5-ab2c-bdbddfdc853b}" />
      </MissingDependency>
      <MissingDependency>
        <Required key="5" type="2" schemaName="jmcg_name" displayName="Name" parentSchemaName="jmcg_workflowtask" parentDisplayName="Workflow Task" solution="Active" />
        <Dependent key="2" type="29" displayName="Test Workflow Task Target" id="{4a0ab9d5-51f5-4645-9e7b-25af4a6cc1cc}" />
      </MissingDependency>
      <MissingDependency>
        <Required key="6" type="2" schemaName="jmcg_workflowtaskid" displayName="Workflow Task" parentSchemaName="jmcg_workflowtask" parentDisplayName="Workflow Task" solution="Active" />
        <Dependent key="2" type="29" displayName="Test Workflow Task Target" id="{4a0ab9d5-51f5-4645-9e7b-25af4a6cc1cc}" />
      </MissingDependency>
      <MissingDependency>
        <Required key="7" type="2" schemaName="jmcg_fetchquery" displayName="Fetch Query" parentSchemaName="jmcg_workflowtask" parentDisplayName="Workflow Task" solution="Active" />
        <Dependent key="1" type="29" displayName="Test Account Target Failure" id="{3f5b723f-92c7-42a5-ab2c-bdbddfdc853b}" />
      </MissingDependency>
      <MissingDependency>
        <Required key="6" type="2" schemaName="jmcg_workflowtaskid" displayName="Workflow Task" parentSchemaName="jmcg_workflowtask" parentDisplayName="Workflow Task" solution="Active" />
        <Dependent key="1" type="29" displayName="Test Account Target Failure" id="{3f5b723f-92c7-42a5-ab2c-bdbddfdc853b}" />
      </MissingDependency>
      <MissingDependency>
        <Required key="8" type="2" schemaName="jmcg_periodperrununit" displayName="Period Per Run Unit" parentSchemaName="jmcg_workflowtask" parentDisplayName="Workflow Task" solution="Active" />
        <Dependent key="1" type="29" displayName="Test Account Target Failure" id="{3f5b723f-92c7-42a5-ab2c-bdbddfdc853b}" />
      </MissingDependency>
      <MissingDependency>
        <Required key="9" type="2" schemaName="jmcg_on" displayName="On" parentSchemaName="jmcg_workflowtask" parentDisplayName="Workflow Task" solution="Active" />
        <Dependent key="1" type="29" displayName="Test Account Target Failure" id="{3f5b723f-92c7-42a5-ab2c-bdbddfdc853b}" />
      </MissingDependency>
      <MissingDependency>
        <Required key="5" type="2" schemaName="jmcg_name" displayName="Name" parentSchemaName="jmcg_workflowtask" parentDisplayName="Workflow Task" solution="Active" />
        <Dependent key="1" type="29" displayName="Test Account Target Failure" id="{3f5b723f-92c7-42a5-ab2c-bdbddfdc853b}" />
      </MissingDependency>
      <MissingDependency>
        <Required key="10" type="2" schemaName="jmcg_workflowexecutiontype" displayName="Workflow Execution Type" parentSchemaName="jmcg_workflowtask" parentDisplayName="Workflow Task" solution="Active" />
        <Dependent key="1" type="29" displayName="Test Account Target Failure" id="{3f5b723f-92c7-42a5-ab2c-bdbddfdc853b}" />
      </MissingDependency>
      <MissingDependency>
        <Required key="11" type="2" schemaName="jmcg_sendnotificationfortargetfailures" displayName="Send Notification For Target Failures" parentSchemaName="jmcg_workflowtask" parentDisplayName="Workflow Task" solution="Active" />
        <Dependent key="1" type="29" displayName="Test Account Target Failure" id="{3f5b723f-92c7-42a5-ab2c-bdbddfdc853b}" />
      </MissingDependency>
      <MissingDependency>
        <Required key="12" type="2" schemaName="jmcg_targetworkflow" displayName="Target Workflow" parentSchemaName="jmcg_workflowtask" parentDisplayName="Workflow Task" solution="Active" />
        <Dependent key="1" type="29" displayName="Test Account Target Failure" id="{3f5b723f-92c7-42a5-ab2c-bdbddfdc853b}" />
      </MissingDependency>
      <MissingDependency>
        <Required key="13" type="26" schemaName="Active Services" displayName="Active Services" parentSchemaName="service" parentDisplayName="Service" solution="System" id="{2bd4de5e-a7b4-4f5d-8fde-eb3b62d8e2b2}" />
        <Dependent key="14" type="60" displayName="Information" parentDisplayName="Account" id="{b053a39a-041a-4356-acef-ddf00182762b}" />
      </MissingDependency>
      <MissingDependency>
        <Required key="15" type="26" schemaName="Open Activities" displayName="Open Activities" parentSchemaName="activitypointer" parentDisplayName="Activity" solution="System" id="{00000000-0000-0000-00aa-000010001900}" />
        <Dependent key="14" type="60" displayName="Information" parentDisplayName="Account" id="{b053a39a-041a-4356-acef-ddf00182762b}" />
      </MissingDependency>
      <MissingDependency>
        <Required key="16" type="26" schemaName="My Active Contacts" displayName="My Active Contacts" parentSchemaName="contact" parentDisplayName="Contact" solution="System" id="{00000000-0000-0000-00aa-000010001003}" />
        <Dependent key="14" type="60" displayName="Information" parentDisplayName="Account" id="{b053a39a-041a-4356-acef-ddf00182762b}" />
      </MissingDependency>
      <MissingDependency>
        <Required key="17" type="61" schemaName="msdyn_/ActivityFeeds.Form.js" displayName="msdyn_/ActivityFeeds.Form.js" solution="ActivityFeedsCore (6.1.0.581)" />
        <Dependent key="14" type="60" displayName="Information" parentDisplayName="Account" id="{b053a39a-041a-4356-acef-ddf00182762b}" />
      </MissingDependency>
      <MissingDependency>
        <Required key="18" type="61" schemaName="msdyn_/RecordWall.htm" displayName="msdyn_/RecordWall.htm" solution="ActivityFeedsCore (6.1.0.581)" />
        <Dependent key="14" type="60" displayName="Information" parentDisplayName="Account" id="{b053a39a-041a-4356-acef-ddf00182762b}" />
      </MissingDependency>
    </MissingDependencies>
  </SolutionManifest>
</ImportExportXml>