<ImportExportXml version="6.1.0000.0581" SolutionPackageVersion="6.1" languagecode="1033" generatedBy="OnPremise" xmlns:xsi="http://www.w3.org/2001/XMLSchema-instance">
  <SolutionManifest>
    <UniqueName>JosephMcGregorWorkflowScheduler</UniqueName>
    <LocalizedNames>
      <LocalizedName description="Joseph McGregor Workflow Scheduler" languagecode="1033" />
    </LocalizedNames>
    <Descriptions />
    <Version>2.0.0.0</Version>
    <Managed>1</Managed>
    <ConfigurationPage>jmcg_ws_configuration.html</ConfigurationPage>
    <Publisher>
      <UniqueName>josephmcgregor</UniqueName>
      <LocalizedNames>
        <LocalizedName description="Joseph McGregor" languagecode="1033" />
      </LocalizedNames>
      <Descriptions />
      <EMailAddress xsi:nil="true"></EMailAddress>
      <SupportingWebsiteUrl xsi:nil="true"></SupportingWebsiteUrl>
      <CustomizationPrefix>jmcg</CustomizationPrefix>
      <CustomizationOptionValuePrefix>32841</CustomizationOptionValuePrefix>
      <Addresses>
        <Address>
          <AddressNumber>1</AddressNumber>
          <AddressTypeCode>1</AddressTypeCode>
          <City xsi:nil="true"></City>
          <County xsi:nil="true"></County>
          <Country xsi:nil="true"></Country>
          <Fax xsi:nil="true"></Fax>
          <FreightTermsCode xsi:nil="true"></FreightTermsCode>
          <ImportSequenceNumber xsi:nil="true"></ImportSequenceNumber>
          <Latitude xsi:nil="true"></Latitude>
          <Line1 xsi:nil="true"></Line1>
          <Line2 xsi:nil="true"></Line2>
          <Line3 xsi:nil="true"></Line3>
          <Longitude xsi:nil="true"></Longitude>
          <Name xsi:nil="true"></Name>
          <PostalCode xsi:nil="true"></PostalCode>
          <PostOfficeBox xsi:nil="true"></PostOfficeBox>
          <PrimaryContactName xsi:nil="true"></PrimaryContactName>
          <ShippingMethodCode>1</ShippingMethodCode>
          <StateOrProvince xsi:nil="true"></StateOrProvince>
          <Telephone1 xsi:nil="true"></Telephone1>
          <Telephone2 xsi:nil="true"></Telephone2>
          <Telephone3 xsi:nil="true"></Telephone3>
          <TimeZoneRuleVersionNumber xsi:nil="true"></TimeZoneRuleVersionNumber>
          <UPSZone xsi:nil="true"></UPSZone>
          <UTCOffset xsi:nil="true"></UTCOffset>
          <UTCConversionTimeZoneCode xsi:nil="true"></UTCConversionTimeZoneCode>
        </Address>
        <Address>
          <AddressNumber>2</AddressNumber>
          <AddressTypeCode>1</AddressTypeCode>
          <City xsi:nil="true"></City>
          <County xsi:nil="true"></County>
          <Country xsi:nil="true"></Country>
          <Fax xsi:nil="true"></Fax>
          <FreightTermsCode xsi:nil="true"></FreightTermsCode>
          <ImportSequenceNumber xsi:nil="true"></ImportSequenceNumber>
          <Latitude xsi:nil="true"></Latitude>
          <Line1 xsi:nil="true"></Line1>
          <Line2 xsi:nil="true"></Line2>
          <Line3 xsi:nil="true"></Line3>
          <Longitude xsi:nil="true"></Longitude>
          <Name xsi:nil="true"></Name>
          <PostalCode xsi:nil="true"></PostalCode>
          <PostOfficeBox xsi:nil="true"></PostOfficeBox>
          <PrimaryContactName xsi:nil="true"></PrimaryContactName>
          <ShippingMethodCode>1</ShippingMethodCode>
          <StateOrProvince xsi:nil="true"></StateOrProvince>
          <Telephone1 xsi:nil="true"></Telephone1>
          <Telephone2 xsi:nil="true"></Telephone2>
          <Telephone3 xsi:nil="true"></Telephone3>
          <TimeZoneRuleVersionNumber xsi:nil="true"></TimeZoneRuleVersionNumber>
          <UPSZone xsi:nil="true"></UPSZone>
          <UTCOffset xsi:nil="true"></UTCOffset>
          <UTCConversionTimeZoneCode xsi:nil="true"></UTCConversionTimeZoneCode>
        </Address>
      </Addresses>
    </Publisher>
    <RootComponents>
      <RootComponent type="1" schemaName="jmcg_workflowtask" />
      <RootComponent type="29" id="{5f69d869-0a3c-4dbb-871b-4bed39e20a89}" />
      <RootComponent type="29" id="{e6997f39-7726-4718-94de-d40b1c893f9b}" />
      <RootComponent type="61" schemaName="jmcg_ws_configuration.html" />
      <RootComponent type="61" schemaName="jmcg_ws_jquery.js" />
      <RootComponent type="61" schemaName="jmcg_ws_pageutility.js" />
      <RootComponent type="61" schemaName="jmcg_ws_webserviceutility.js" />
      <RootComponent type="61" schemaName="jmcg_ws_workflowtask.js" />
      <RootComponent type="91" schemaName="JosephM.Xrm.WorkflowScheduler, Version=1.0.0.0, Culture=neutral, PublicKeyToken=b9d6729cc5d22c48" />
      <RootComponent type="92" id="{1080877f-8244-e511-80d0-000c29634d55}" />
      <RootComponent type="92" id="{3074c285-8244-e511-80d0-000c29634d55}" />
      <RootComponent type="92" id="{d67f2baa-8a44-e511-80d0-000c29634d55}" />
      <RootComponent type="92" id="{d87f2baa-8a44-e511-80d0-000c29634d55}" />
    </RootComponents>
    <MissingDependencies>
      <MissingDependency>
        <Required key="0" type="1" schemaName="queue" displayName="Queue" solution="System" />
        <Dependent key="1" type="10" schemaName="jmcg_workflowtask_queue_jmcg_sendfailurenotificationsto" />
      </MissingDependency>
      <MissingDependency>
        <Required key="0" type="1" schemaName="queue" displayName="Queue" solution="System" />
        <Dependent key="2" type="10" schemaName="jmcg_workflowtask_queue_jmcg_viewnotificationqueue" />
      </MissingDependency>
      <MissingDependency>
        <Required key="0" type="1" schemaName="queue" displayName="Queue" solution="System" />
        <Dependent key="3" type="10" schemaName="jmcg_workflowtask_queue_jmcg_sendfailurenotificationsfrom" />
      </MissingDependency>
      <MissingDependency>
        <Required key="4" type="1" schemaName="workflow" displayName="Process" solution="System" />
        <Dependent key="5" type="10" schemaName="jmcg_workflowtask_workflow_jmcg_targetworkflow" />
      </MissingDependency>
      <MissingDependency>
        <Required key="6" type="26" schemaName="All System Jobs" displayName="All System Jobs" parentSchemaName="asyncoperation" parentDisplayName="System Job" solution="System" id="{396c49c7-f7f5-4612-b8e6-846a4d813293}" />
        <Dependent key="7" type="60" displayName="Information" parentDisplayName="Workflow Task" id="{b7491aba-8c65-4974-b0df-bb4b3fd82175}" />
      </MissingDependency>
    </MissingDependencies>
  </SolutionManifest>
</ImportExportXml>